mode,view_key,H_trained,report_step,lambda,model,best_val_loss,use_dyn,MAE,RMSE,MAPE,keep%,seed
G_time_query_static,traffic_time_query,12,12,0.0,STGCN,0.2746991415818532,False,3.7642624378204346,5.942850112915039,0.1514301896095276,100.0,84
G_time_query_static,traffic_time_query,12,12,0.0,DCRNN,0.2694605787595113,False,3.882734537124634,6.007361888885498,0.15929685533046722,100.0,84
G_time_query_static,traffic_time_query,12,12,0.0,HA,,False,4.389371395111084,6.7794318199157715,0.17981813848018646,100.0,84
G_time_query_static,traffic_time_query,12,12,0.0,ARIMA,,False,4.06311559677124,6.376037120819092,0.16455253958702087,100.0,84
G_time_query_static,traffic_time_query,12,12,0.0,LastValue,,False,4.8844895362854,7.872481346130371,0.18883347511291504,100.0,84
