mode,view_key,H_trained,report_step,lambda,model,best_val_loss,use_dyn,MAE,RMSE,MAPE,keep%,seed
D_traffic_causal,traffic_only,12,12,1.0,CausalSTGCN,0.2904936373233795,True,4.5000224113464355,7.175662994384766,0.18086600303649902,100.0,21
D_traffic_causal,traffic_only,12,12,0.0,DCRNN,0.314552730984158,False,4.774447441101074,7.2136969566345215,0.19147372245788574,100.0,21
D_traffic_causal,traffic_only,12,12,0.0,HA,,False,4.389371395111084,6.7794318199157715,0.17981813848018646,100.0,21
D_traffic_causal,traffic_only,12,12,0.0,ARIMA,,False,4.06311559677124,6.376037120819092,0.16455253958702087,100.0,21
D_traffic_causal,traffic_only,12,12,0.0,LastValue,,False,4.8844895362854,7.872481346130371,0.18883347511291504,100.0,21
