mode,view_key,H_trained,report_step,lambda,model,best_val_loss,use_dyn,MAE,RMSE,MAPE,keep%,seed
E_traffic_time_causal,traffic_time,12,12,0.9,CausalSTGCN,0.2641042752398385,True,3.8794217109680176,6.051095008850098,0.1536242514848709,100.0,63
E_traffic_time_causal,traffic_time,12,12,0.0,DCRNN,0.26973256799909806,False,3.9100217819213867,6.072767734527588,0.16105389595031738,100.0,63
E_traffic_time_causal,traffic_time,12,12,0.0,HA,,False,4.389371395111084,6.7794318199157715,0.17981813848018646,100.0,63
E_traffic_time_causal,traffic_time,12,12,0.0,ARIMA,,False,4.06311559677124,6.376037120819092,0.16455253958702087,100.0,63
E_traffic_time_causal,traffic_time,12,12,0.0,LastValue,,False,4.8844895362854,7.872481346130371,0.18883347511291504,100.0,63
