mode,view_key,H_trained,report_step,lambda,model,best_val_loss,use_dyn,MAE,RMSE,MAPE,keep%,seed
D_traffic_causal,traffic_only,12,12,0.5,CausalSTGCN,0.297118153836992,True,4.551815986633301,7.178005218505859,0.1817580759525299,100.0,63
D_traffic_causal,traffic_only,12,12,0.0,DCRNN,0.3140427503320906,False,4.770346164703369,7.199978351593018,0.1894015371799469,100.0,63
D_traffic_causal,traffic_only,12,12,0.0,HA,,False,4.389371395111084,6.7794318199157715,0.17981813848018646,100.0,63
D_traffic_causal,traffic_only,12,12,0.0,ARIMA,,False,4.06311559677124,6.376037120819092,0.16455253958702087,100.0,63
D_traffic_causal,traffic_only,12,12,0.0,LastValue,,False,4.8844895362854,7.872481346130371,0.18883347511291504,100.0,63
