mode,view_key,H_trained,report_step,lambda,model,best_val_loss,use_dyn,MAE,RMSE,MAPE,keep%,seed
E_traffic_time_causal,traffic_time,12,12,0.7,CausalSTGCN,0.2722517516877916,True,3.895280599594116,6.191218852996826,0.1532692015171051,100.0,0
E_traffic_time_causal,traffic_time,12,12,0.0,DCRNN,0.2694157643450631,False,3.897578001022339,6.020575523376465,0.15940378606319427,100.0,0
E_traffic_time_causal,traffic_time,12,12,0.0,HA,,False,4.389371395111084,6.7794318199157715,0.17981813848018646,100.0,0
E_traffic_time_causal,traffic_time,12,12,0.0,ARIMA,,False,4.06311559677124,6.376037120819092,0.16455253958702087,100.0,0
E_traffic_time_causal,traffic_time,12,12,0.0,LastValue,,False,4.8844895362854,7.872481346130371,0.18883347511291504,100.0,0
