mode,view_key,H_trained,report_step,lambda,model,best_val_loss,use_dyn,MAE,RMSE,MAPE,keep%,seed
D_traffic_causal,traffic_only,12,12,0.9,CausalSTGCN,0.29118192195892334,True,4.284862041473389,6.745767116546631,0.1684575378894806,100.0,84
D_traffic_causal,traffic_only,12,12,0.0,DCRNN,0.31265950202941895,False,4.733830451965332,7.151371955871582,0.191453218460083,100.0,84
D_traffic_causal,traffic_only,12,12,0.0,HA,,False,4.389371395111084,6.7794318199157715,0.17981813848018646,100.0,84
D_traffic_causal,traffic_only,12,12,0.0,ARIMA,,False,4.06311559677124,6.376037120819092,0.16455253958702087,100.0,84
D_traffic_causal,traffic_only,12,12,0.0,LastValue,,False,4.8844895362854,7.872481346130371,0.18883347511291504,100.0,84
