mode,view_key,H_trained,report_step,lambda,model,best_val_loss,use_dyn,MAE,RMSE,MAPE,keep%,seed
D_traffic_causal,traffic_only,12,12,0.9,CausalSTGCN,0.2966741687721676,True,4.483950614929199,7.009974002838135,0.174508199095726,100.0,0
D_traffic_causal,traffic_only,12,12,0.0,DCRNN,0.3159151640203264,False,4.7956013679504395,7.266780853271484,0.19258882105350494,100.0,0
D_traffic_causal,traffic_only,12,12,0.0,HA,,False,4.389371395111084,6.7794318199157715,0.17981813848018646,100.0,0
D_traffic_causal,traffic_only,12,12,0.0,ARIMA,,False,4.06311559677124,6.376037120819092,0.16455253958702087,100.0,0
D_traffic_causal,traffic_only,12,12,0.0,LastValue,,False,4.8844895362854,7.872481346130371,0.18883347511291504,100.0,0
