mode,view_key,H_trained,report_step,lambda,model,best_val_loss,use_dyn,MAE,RMSE,MAPE,keep%,seed
C_traffic_time_query,traffic_time_weather_query,12,12,1.0,CausalSTGCN,0.27560954954889083,True,3.8694496154785156,6.161778926849365,0.15555940568447113,100.0,21
C_traffic_time_query,traffic_time_weather_query,12,12,0.0,DCRNN,0.27103741466999054,False,3.910176992416382,6.094299793243408,0.16144594550132751,100.0,21
C_traffic_time_query,traffic_time_weather_query,12,12,0.0,HA,,False,4.389371395111084,6.7794318199157715,0.17981813848018646,100.0,21
C_traffic_time_query,traffic_time_weather_query,12,12,0.0,ARIMA,,False,4.06311559677124,6.376037120819092,0.16455253958702087,100.0,21
C_traffic_time_query,traffic_time_weather_query,12,12,0.0,LastValue,,False,4.8844895362854,7.872481346130371,0.18883347511291504,100.0,21
