mode,view_key,H_trained,report_step,lambda,model,best_val_loss,use_dyn,MAE,RMSE,MAPE,keep%,seed
A_traffic_only,traffic_only,12,12,0.0,STGCN,0.31657907366752625,False,4.698862075805664,7.3606648445129395,0.18221810460090637,100.0,0
A_traffic_only,traffic_only,12,12,0.0,DCRNN,0.314454091919793,False,4.757241725921631,7.224346160888672,0.19104275107383728,100.0,0
A_traffic_only,traffic_only,12,12,0.0,HA,,False,4.389371395111084,6.7794318199157715,0.17981813848018646,100.0,0
A_traffic_only,traffic_only,12,12,0.0,ARIMA,,False,4.06311559677124,6.376037120819092,0.16455253958702087,100.0,0
A_traffic_only,traffic_only,12,12,0.0,LastValue,,False,4.8844895362854,7.872481346130371,0.18883347511291504,100.0,0
