mode,view_key,H_trained,report_step,lambda,model,best_val_loss,use_dyn,MAE,RMSE,MAPE,keep%,seed
E_traffic_time_causal,traffic_time,12,12,0.9,CausalSTGCN,0.26329556935363346,True,3.7315704822540283,5.822627544403076,0.14247240126132965,100.0,42
E_traffic_time_causal,traffic_time,12,12,0.0,DCRNN,0.26925885677337646,False,3.9105095863342285,6.060595989227295,0.16060061752796173,100.0,42
E_traffic_time_causal,traffic_time,12,12,0.0,HA,,False,4.389371395111084,6.7794318199157715,0.17981813848018646,100.0,42
E_traffic_time_causal,traffic_time,12,12,0.0,ARIMA,,False,4.06311559677124,6.376037120819092,0.16455253958702087,100.0,42
E_traffic_time_causal,traffic_time,12,12,0.0,LastValue,,False,4.8844895362854,7.872481346130371,0.18883347511291504,100.0,42
