mode,view_key,H_trained,report_step,lambda,model,best_val_loss,use_dyn,MAE,RMSE,MAPE,keep%,seed
A_traffic_only,traffic_only,12,12,0.0,STGCN,0.30815478165944415,False,4.686562538146973,7.310192108154297,0.18675734102725983,100.0,21
A_traffic_only,traffic_only,12,12,0.0,DCRNN,0.3133268819914924,False,4.733471870422363,7.219440937042236,0.19109569489955902,100.0,21
A_traffic_only,traffic_only,12,12,0.0,HA,,False,4.389371395111084,6.7794318199157715,0.17981813848018646,100.0,21
A_traffic_only,traffic_only,12,12,0.0,ARIMA,,False,4.06311559677124,6.376037120819092,0.16455253958702087,100.0,21
A_traffic_only,traffic_only,12,12,0.0,LastValue,,False,4.8844895362854,7.872481346130371,0.18883347511291504,100.0,21
