mode,view_key,H_trained,report_step,lambda,model,best_val_loss,use_dyn,MAE,RMSE,MAPE,keep%,seed
C_traffic_time_query,traffic_time_weather_query,12,12,0.3,CausalSTGCN,0.27154656416840023,True,3.9055047035217285,6.091593265533447,0.15446119010448456,100.0,63
C_traffic_time_query,traffic_time_weather_query,12,12,0.0,DCRNN,0.26921412017610336,False,3.882483959197998,6.00911283493042,0.15908387303352356,100.0,63
C_traffic_time_query,traffic_time_weather_query,12,12,0.0,HA,,False,4.389371395111084,6.7794318199157715,0.17981813848018646,100.0,63
C_traffic_time_query,traffic_time_weather_query,12,12,0.0,ARIMA,,False,4.06311559677124,6.376037120819092,0.16455253958702087,100.0,63
C_traffic_time_query,traffic_time_weather_query,12,12,0.0,LastValue,,False,4.8844895362854,7.872481346130371,0.18883347511291504,100.0,63
