mode,view_key,H_trained,report_step,lambda,model,best_val_loss,use_dyn,MAE,RMSE,MAPE,keep%,seed
I_time_weather_static,traffic_time_weather,12,12,0.0,STGCN,0.2819240755505032,False,4.001265048980713,6.24767541885376,0.16178014874458313,100.0,21
I_time_weather_static,traffic_time_weather,12,12,0.0,DCRNN,0.2704011019733217,False,3.915379524230957,6.061654567718506,0.1615603119134903,100.0,21
I_time_weather_static,traffic_time_weather,12,12,0.0,HA,,False,4.389371395111084,6.7794318199157715,0.17981813848018646,100.0,21
I_time_weather_static,traffic_time_weather,12,12,0.0,ARIMA,,False,4.06311559677124,6.376037120819092,0.16455253958702087,100.0,21
I_time_weather_static,traffic_time_weather,12,12,0.0,LastValue,,False,4.8844895362854,7.872481346130371,0.18883347511291504,100.0,21
