mode,view_key,H_trained,report_step,lambda,model,best_val_loss,use_dyn,MAE,RMSE,MAPE,keep%,seed
F_traffic_time_query_static,traffic_time_weather_query,12,12,0.0,STGCN,0.27632780207528007,False,3.946704149246216,6.211139678955078,0.15603534877300262,100.0,0
F_traffic_time_query_static,traffic_time_weather_query,12,12,0.0,DCRNN,0.26976388527287376,False,3.8945517539978027,6.037957191467285,0.16022059321403503,100.0,0
F_traffic_time_query_static,traffic_time_weather_query,12,12,0.0,HA,,False,4.389371395111084,6.7794318199157715,0.17981813848018646,100.0,0
F_traffic_time_query_static,traffic_time_weather_query,12,12,0.0,ARIMA,,False,4.06311559677124,6.376037120819092,0.16455253958702087,100.0,0
F_traffic_time_query_static,traffic_time_weather_query,12,12,0.0,LastValue,,False,4.8844895362854,7.872481346130371,0.18883347511291504,100.0,0
