mode,view_key,H_trained,report_step,lambda,model,best_val_loss,use_dyn,MAE,RMSE,MAPE,keep%,seed
F_traffic_time_query_static,traffic_time_weather_query,12,12,0.0,STGCN,0.28411498334672713,False,4.010584354400635,6.3062591552734375,0.1587672084569931,100.0,42
F_traffic_time_query_static,traffic_time_weather_query,12,12,0.0,DCRNN,0.271291916569074,False,3.918600559234619,6.05422306060791,0.16039124131202698,100.0,42
F_traffic_time_query_static,traffic_time_weather_query,12,12,0.0,HA,,False,4.389371395111084,6.7794318199157715,0.17981813848018646,100.0,42
F_traffic_time_query_static,traffic_time_weather_query,12,12,0.0,ARIMA,,False,4.06311559677124,6.376037120819092,0.16455253958702087,100.0,42
F_traffic_time_query_static,traffic_time_weather_query,12,12,0.0,LastValue,,False,4.8844895362854,7.872481346130371,0.18883347511291504,100.0,42
