mode,view_key,H_trained,report_step,lambda,model,best_val_loss,use_dyn,MAE,RMSE,MAPE,keep%,seed
A_traffic_only,traffic_only,12,12,0.0,STGCN,0.30156773659918046,False,4.482552528381348,7.0962934494018555,0.17798075079917908,100.0,63
A_traffic_only,traffic_only,12,12,0.0,DCRNN,0.3137701286209954,False,4.762200832366943,7.216141223907471,0.18876400589942932,100.0,63
A_traffic_only,traffic_only,12,12,0.0,HA,,False,4.389371395111084,6.7794318199157715,0.17981813848018646,100.0,63
A_traffic_only,traffic_only,12,12,0.0,ARIMA,,False,4.06311559677124,6.376037120819092,0.16455253958702087,100.0,63
A_traffic_only,traffic_only,12,12,0.0,LastValue,,False,4.8844895362854,7.872481346130371,0.18883347511291504,100.0,63
