mode,view_key,H_trained,report_step,lambda,model,best_val_loss,use_dyn,MAE,RMSE,MAPE,keep%,seed
E_traffic_time_causal,traffic_time,12,12,0.9,CausalSTGCN,0.2594500912560357,True,3.765833854675293,5.990753650665283,0.1502283811569214,100.0,21
E_traffic_time_causal,traffic_time,12,12,0.0,DCRNN,0.2685963643921746,False,3.898989200592041,6.004841327667236,0.15876801311969757,100.0,21
E_traffic_time_causal,traffic_time,12,12,0.0,HA,,False,4.389371395111084,6.7794318199157715,0.17981813848018646,100.0,21
E_traffic_time_causal,traffic_time,12,12,0.0,ARIMA,,False,4.06311559677124,6.376037120819092,0.16455253958702087,100.0,21
E_traffic_time_causal,traffic_time,12,12,0.0,LastValue,,False,4.8844895362854,7.872481346130371,0.18883347511291504,100.0,21
