mode,view_key,H_trained,report_step,lambda,model,best_val_loss,use_dyn,MAE,RMSE,MAPE,keep%,seed
J_time_weather_causal,traffic_time_weather,12,12,0.7,CausalSTGCN,0.26830415096547866,True,3.8694539070129395,5.9595489501953125,0.15349283814430237,100.0,0
J_time_weather_causal,traffic_time_weather,12,12,0.0,DCRNN,0.27133133676317,False,3.912811040878296,6.050144195556641,0.16175079345703125,100.0,0
J_time_weather_causal,traffic_time_weather,12,12,0.0,HA,,False,4.389371395111084,6.7794318199157715,0.17981813848018646,100.0,0
J_time_weather_causal,traffic_time_weather,12,12,0.0,ARIMA,,False,4.06311559677124,6.376037120819092,0.16455253958702087,100.0,0
J_time_weather_causal,traffic_time_weather,12,12,0.0,LastValue,,False,4.8844895362854,7.872481346130371,0.18883347511291504,100.0,0
