mode,view_key,H_trained,report_step,lambda,model,best_val_loss,use_dyn,MAE,RMSE,MAPE,keep%,seed
C_traffic_time_query,traffic_time_weather_query,12,12,0.7,CausalSTGCN,0.26698557039101917,True,3.808659315109253,5.959168910980225,0.15040189027786255,100.0,0
C_traffic_time_query,traffic_time_weather_query,12,12,0.0,DCRNN,0.26994943618774414,False,3.9116780757904053,6.0601301193237305,0.16049325466156006,100.0,0
C_traffic_time_query,traffic_time_weather_query,12,12,0.0,HA,,False,4.389371395111084,6.7794318199157715,0.17981813848018646,100.0,0
C_traffic_time_query,traffic_time_weather_query,12,12,0.0,ARIMA,,False,4.06311559677124,6.376037120819092,0.16455253958702087,100.0,0
C_traffic_time_query,traffic_time_weather_query,12,12,0.0,LastValue,,False,4.8844895362854,7.872481346130371,0.18883347511291504,100.0,0
