mode,view_key,H_trained,report_step,lambda,model,best_val_loss,use_dyn,MAE,RMSE,MAPE,keep%,seed
B_traffic_time,traffic_time,12,12,0.0,STGCN,0.2708229488796658,False,3.889587879180908,6.0532002449035645,0.15226729214191437,100.0,63
B_traffic_time,traffic_time,12,12,0.0,DCRNN,0.2700245761209064,False,3.909698486328125,6.051175594329834,0.16109706461429596,100.0,63
B_traffic_time,traffic_time,12,12,0.0,HA,,False,4.389371395111084,6.7794318199157715,0.17981813848018646,100.0,63
B_traffic_time,traffic_time,12,12,0.0,ARIMA,,False,4.06311559677124,6.376037120819092,0.16455253958702087,100.0,63
B_traffic_time,traffic_time,12,12,0.0,LastValue,,False,4.8844895362854,7.872481346130371,0.18883347511291504,100.0,63
