mode,view_key,H_trained,report_step,lambda,model,best_val_loss,use_dyn,MAE,RMSE,MAPE,keep%,seed
F_traffic_time_query_static,traffic_time_weather_query,12,12,0.0,STGCN,0.28652765022383797,False,4.092034339904785,6.4485673904418945,0.1615554243326187,100.0,21
F_traffic_time_query_static,traffic_time_weather_query,12,12,0.0,DCRNN,0.27055022451612687,False,3.9024434089660645,6.049709796905518,0.16186785697937012,100.0,21
F_traffic_time_query_static,traffic_time_weather_query,12,12,0.0,HA,,False,4.389371395111084,6.7794318199157715,0.17981813848018646,100.0,21
F_traffic_time_query_static,traffic_time_weather_query,12,12,0.0,ARIMA,,False,4.06311559677124,6.376037120819092,0.16455253958702087,100.0,21
F_traffic_time_query_static,traffic_time_weather_query,12,12,0.0,LastValue,,False,4.8844895362854,7.872481346130371,0.18883347511291504,100.0,21
