mode,view_key,H_trained,report_step,lambda,model,best_val_loss,use_dyn,MAE,RMSE,MAPE,keep%,seed
C_traffic_time_query,traffic_time_weather_query,12,12,0.5,CausalSTGCN,0.26648086309432983,True,3.8126108646392822,5.980893135070801,0.15338696539402008,100.0,42
C_traffic_time_query,traffic_time_weather_query,12,12,0.0,DCRNN,0.2699564579460356,False,3.8988311290740967,6.020202159881592,0.15965856611728668,100.0,42
C_traffic_time_query,traffic_time_weather_query,12,12,0.0,HA,,False,4.389371395111084,6.7794318199157715,0.17981813848018646,100.0,42
C_traffic_time_query,traffic_time_weather_query,12,12,0.0,ARIMA,,False,4.06311559677124,6.376037120819092,0.16455253958702087,100.0,42
C_traffic_time_query,traffic_time_weather_query,12,12,0.0,LastValue,,False,4.8844895362854,7.872481346130371,0.18883347511291504,100.0,42
