mode,view_key,H_trained,report_step,lambda,model,best_val_loss,use_dyn,MAE,RMSE,MAPE,keep%,seed
A_traffic_only,traffic_only,12,12,0.0,STGCN,0.30418116847674054,False,4.611017227172852,7.319267749786377,0.18450871109962463,100.0,42
A_traffic_only,traffic_only,12,12,0.0,DCRNN,0.31360029843118453,False,4.743923664093018,7.1919450759887695,0.19168774783611298,100.0,42
A_traffic_only,traffic_only,12,12,0.0,HA,,False,4.389371395111084,6.7794318199157715,0.17981813848018646,100.0,42
A_traffic_only,traffic_only,12,12,0.0,ARIMA,,False,4.06311559677124,6.376037120819092,0.16455253958702087,100.0,42
A_traffic_only,traffic_only,12,12,0.0,LastValue,,False,4.8844895362854,7.872481346130371,0.18883347511291504,100.0,42
