mode,view_key,H_trained,report_step,lambda,model,best_val_loss,use_dyn,MAE,RMSE,MAPE,keep%,seed
D_traffic_causal,traffic_only,12,12,0.9,CausalSTGCN,0.29524145523707074,True,4.481752395629883,7.000895977020264,0.17708252370357513,100.0,42
D_traffic_causal,traffic_only,12,12,0.0,DCRNN,0.3151315417554643,False,4.7760186195373535,7.2550368309021,0.19033893942832947,100.0,42
D_traffic_causal,traffic_only,12,12,0.0,HA,,False,4.389371395111084,6.7794318199157715,0.17981813848018646,100.0,42
D_traffic_causal,traffic_only,12,12,0.0,ARIMA,,False,4.06311559677124,6.376037120819092,0.16455253958702087,100.0,42
D_traffic_causal,traffic_only,12,12,0.0,LastValue,,False,4.8844895362854,7.872481346130371,0.18883347511291504,100.0,42
