mode,view_key,H_trained,report_step,lambda,model,best_val_loss,use_dyn,MAE,RMSE,MAPE,keep%,seed
J_time_weather_causal,traffic_time_weather,12,12,0.5,CausalSTGCN,0.2725963824325138,True,4.006249904632568,6.219120979309082,0.1571730077266693,100.0,84
J_time_weather_causal,traffic_time_weather,12,12,0.0,DCRNN,0.27131395869784886,False,3.917947769165039,6.019923686981201,0.16052894294261932,100.0,84
J_time_weather_causal,traffic_time_weather,12,12,0.0,HA,,False,4.389371395111084,6.7794318199157715,0.17981813848018646,100.0,84
J_time_weather_causal,traffic_time_weather,12,12,0.0,ARIMA,,False,4.06311559677124,6.376037120819092,0.16455253958702087,100.0,84
J_time_weather_causal,traffic_time_weather,12,12,0.0,LastValue,,False,4.8844895362854,7.872481346130371,0.18883347511291504,100.0,84
