mode,view_key,H_trained,report_step,lambda,model,best_val_loss,use_dyn,MAE,RMSE,MAPE,keep%,seed
B_traffic_time,traffic_time,12,12,0.0,STGCN,0.27629437380366856,False,3.894916534423828,6.003946304321289,0.1524205058813095,100.0,21
B_traffic_time,traffic_time,12,12,0.0,DCRNN,0.2700900004969703,False,3.910797595977783,6.044837951660156,0.16047000885009766,100.0,21
B_traffic_time,traffic_time,12,12,0.0,HA,,False,4.389371395111084,6.7794318199157715,0.17981813848018646,100.0,21
B_traffic_time,traffic_time,12,12,0.0,ARIMA,,False,4.06311559677124,6.376037120819092,0.16455253958702087,100.0,21
B_traffic_time,traffic_time,12,12,0.0,LastValue,,False,4.8844895362854,7.872481346130371,0.18883347511291504,100.0,21
