mode,view_key,H_trained,report_step,lambda,model,best_val_loss,use_dyn,MAE,RMSE,MAPE,keep%,seed
H_time_query_causal,traffic_time_query,12,12,0.0,CausalSTGCN,0.27002568708525765,True,3.9232537746429443,5.99687385559082,0.15282095968723297,100.0,84
H_time_query_causal,traffic_time_query,12,12,0.0,DCRNN,0.2685905711518394,False,3.9001004695892334,6.038566589355469,0.16018959879875183,100.0,84
H_time_query_causal,traffic_time_query,12,12,0.0,HA,,False,4.389371395111084,6.7794318199157715,0.17981813848018646,100.0,84
H_time_query_causal,traffic_time_query,12,12,0.0,ARIMA,,False,4.06311559677124,6.376037120819092,0.16455253958702087,100.0,84
H_time_query_causal,traffic_time_query,12,12,0.0,LastValue,,False,4.8844895362854,7.872481346130371,0.18883347511291504,100.0,84
