mode,view_key,H_trained,report_step,lambda,model,best_val_loss,use_dyn,MAE,RMSE,MAPE,keep%,seed
I_time_weather_static,traffic_time_weather,12,12,0.0,STGCN,0.28005849983957076,False,4.004199504852295,6.172300338745117,0.15700167417526245,100.0,42
I_time_weather_static,traffic_time_weather,12,12,0.0,DCRNN,0.27196017404397327,False,3.9064273834228516,6.038143157958984,0.15999817848205566,100.0,42
I_time_weather_static,traffic_time_weather,12,12,0.0,HA,,False,4.389371395111084,6.7794318199157715,0.17981813848018646,100.0,42
I_time_weather_static,traffic_time_weather,12,12,0.0,ARIMA,,False,4.06311559677124,6.376037120819092,0.16455253958702087,100.0,42
I_time_weather_static,traffic_time_weather,12,12,0.0,LastValue,,False,4.8844895362854,7.872481346130371,0.18883347511291504,100.0,42
