mode,view_key,H_trained,report_step,lambda,model,best_val_loss,use_dyn,MAE,RMSE,MAPE,keep%,seed
A_traffic_only,traffic_only,12,12,0.0,STGCN,0.3034223086304135,False,4.578411102294922,7.359861850738525,0.18180140852928162,100.0,84
A_traffic_only,traffic_only,12,12,0.0,DCRNN,0.31403692232237923,False,4.767946243286133,7.227789402008057,0.1908121407032013,100.0,84
A_traffic_only,traffic_only,12,12,0.0,HA,,False,4.389371395111084,6.7794318199157715,0.17981813848018646,100.0,84
A_traffic_only,traffic_only,12,12,0.0,ARIMA,,False,4.06311559677124,6.376037120819092,0.16455253958702087,100.0,84
A_traffic_only,traffic_only,12,12,0.0,LastValue,,False,4.8844895362854,7.872481346130371,0.18883347511291504,100.0,84
