mode,view_key,H_trained,report_step,lambda,model,best_val_loss,use_dyn,MAE,RMSE,MAPE,keep%,seed
E_traffic_time_causal,traffic_time,12,12,1.0,CausalSTGCN,0.26348281734519535,True,3.8083019256591797,6.12595272064209,0.15117348730564117,100.0,84
E_traffic_time_causal,traffic_time,12,12,0.0,DCRNN,0.27059851090113324,False,3.9156370162963867,6.0383782386779785,0.1601659655570984,100.0,84
E_traffic_time_causal,traffic_time,12,12,0.0,HA,,False,4.389371395111084,6.7794318199157715,0.17981813848018646,100.0,84
E_traffic_time_causal,traffic_time,12,12,0.0,ARIMA,,False,4.06311559677124,6.376037120819092,0.16455253958702087,100.0,84
E_traffic_time_causal,traffic_time,12,12,0.0,LastValue,,False,4.8844895362854,7.872481346130371,0.18883347511291504,100.0,84
