mode,view_key,H_trained,report_step,lambda,model,best_val_loss,use_dyn,MAE,RMSE,MAPE,keep%,seed
F_traffic_time_query_static,traffic_time_weather_query,12,12,0.0,STGCN,0.2822625007894304,False,4.075393199920654,6.312296390533447,0.16400915384292603,100.0,84
F_traffic_time_query_static,traffic_time_weather_query,12,12,0.0,DCRNN,0.2696766191058689,False,3.895071029663086,6.052338600158691,0.15943306684494019,100.0,84
F_traffic_time_query_static,traffic_time_weather_query,12,12,0.0,HA,,False,4.389371395111084,6.7794318199157715,0.17981813848018646,100.0,84
F_traffic_time_query_static,traffic_time_weather_query,12,12,0.0,ARIMA,,False,4.06311559677124,6.376037120819092,0.16455253958702087,100.0,84
F_traffic_time_query_static,traffic_time_weather_query,12,12,0.0,LastValue,,False,4.8844895362854,7.872481346130371,0.18883347511291504,100.0,84
