mode,view_key,H_trained,report_step,lambda,model,best_val_loss,use_dyn,MAE,RMSE,MAPE,keep%,seed
I_time_weather_static,traffic_time_weather,12,12,0.0,STGCN,0.2757137533691194,False,3.921231508255005,6.025378227233887,0.15264132618904114,100.0,63
I_time_weather_static,traffic_time_weather,12,12,0.0,DCRNN,0.27096860773033565,False,3.9136574268341064,6.065225601196289,0.15992750227451324,100.0,63
I_time_weather_static,traffic_time_weather,12,12,0.0,HA,,False,4.389371395111084,6.7794318199157715,0.17981813848018646,100.0,63
I_time_weather_static,traffic_time_weather,12,12,0.0,ARIMA,,False,4.06311559677124,6.376037120819092,0.16455253958702087,100.0,63
I_time_weather_static,traffic_time_weather,12,12,0.0,LastValue,,False,4.8844895362854,7.872481346130371,0.18883347511291504,100.0,63
