mode,view_key,H_trained,report_step,lambda,model,best_val_loss,use_dyn,MAE,RMSE,MAPE,keep%,seed
F_traffic_time_query_static,traffic_time_weather_query,12,12,0.0,STGCN,0.2812792956829071,False,4.040318489074707,6.295248031616211,0.16058774292469025,100.0,63
F_traffic_time_query_static,traffic_time_weather_query,12,12,0.0,DCRNN,0.2699239071872499,False,3.8766818046569824,5.990049839019775,0.15864883363246918,100.0,63
F_traffic_time_query_static,traffic_time_weather_query,12,12,0.0,HA,,False,4.389371395111084,6.7794318199157715,0.17981813848018646,100.0,63
F_traffic_time_query_static,traffic_time_weather_query,12,12,0.0,ARIMA,,False,4.06311559677124,6.376037120819092,0.16455253958702087,100.0,63
F_traffic_time_query_static,traffic_time_weather_query,12,12,0.0,LastValue,,False,4.8844895362854,7.872481346130371,0.18883347511291504,100.0,63
