mode,view_key,H_trained,report_step,lambda,model,best_val_loss,use_dyn,MAE,RMSE,MAPE,keep%,seed
B_traffic_time,traffic_time,12,12,0.0,STGCN,0.2758609967099296,False,4.005942344665527,6.154829025268555,0.15823261439800262,100.0,42
B_traffic_time,traffic_time,12,12,0.0,DCRNN,0.26934221221341026,False,3.9012820720672607,6.044672012329102,0.1606808602809906,100.0,42
B_traffic_time,traffic_time,12,12,0.0,HA,,False,4.389371395111084,6.7794318199157715,0.17981813848018646,100.0,42
B_traffic_time,traffic_time,12,12,0.0,ARIMA,,False,4.06311559677124,6.376037120819092,0.16455253958702087,100.0,42
B_traffic_time,traffic_time,12,12,0.0,LastValue,,False,4.8844895362854,7.872481346130371,0.18883347511291504,100.0,42
