mode,view_key,H_trained,report_step,lambda,model,best_val_loss,use_dyn,MAE,RMSE,MAPE,keep%,seed
B_traffic_time,traffic_time,12,12,0.0,STGCN,0.2731385562154982,False,3.8864564895629883,6.061666965484619,0.1552678644657135,100.0,84
B_traffic_time,traffic_time,12,12,0.0,DCRNN,0.26751797729068333,False,3.880793333053589,5.974302291870117,0.1586313247680664,100.0,84
B_traffic_time,traffic_time,12,12,0.0,HA,,False,4.389371395111084,6.7794318199157715,0.17981813848018646,100.0,84
B_traffic_time,traffic_time,12,12,0.0,ARIMA,,False,4.06311559677124,6.376037120819092,0.16455253958702087,100.0,84
B_traffic_time,traffic_time,12,12,0.0,LastValue,,False,4.8844895362854,7.872481346130371,0.18883347511291504,100.0,84
