{
  "run_id": "seed21_C_traffic_time_query_H12",
  "seed": 21,
  "mode": "C_traffic_time_query",
  "view_key": "traffic_time_weather_query",
  "H": 12,
  "lambda": 1.0,
  "best_val_loss": 0.27560954954889083,
  "model": "CausalSTGCN",
  "saved_at": "2026-03-15T08:20:52.878410",
  "graph_alignment": {
    "train": {
      "num_samples": 4076,
      "max_future_leak": 0.0,
      "max_graph_lag": 95.0,
      "mean_graph_lag": 47.10157016683023
    },
    "val": {
      "num_samples": 562,
      "max_future_leak": 0.0,
      "max_graph_lag": 95.0,
      "mean_graph_lag": 46.90213523131673
    },
    "test": {
      "num_samples": 1149,
      "max_future_leak": 0.0,
      "max_graph_lag": 95.0,
      "mean_graph_lag": 47.39947780678851
    }
  },
  "probe_summary": {
    "local_node_std": 0.014381278306245804,
    "local_node_abs_mean": 0.34220555424690247,
    "global_node_std": 0.0,
    "global_node_abs_mean": 0.031097978353500366,
    "gate_mean": 0.999900221824646
  }
}