{
  "run_id": "seed42_C_traffic_time_query_H12",
  "seed": 42,
  "mode": "C_traffic_time_query",
  "view_key": "traffic_time_weather_query",
  "H": 12,
  "lambda": 0.5,
  "best_val_loss": 0.26648086309432983,
  "model": "CausalSTGCN",
  "saved_at": "2026-03-15T20:00:46.523830",
  "graph_alignment": {
    "train": {
      "num_samples": 4076,
      "max_future_leak": 0.0,
      "max_graph_lag": 95.0,
      "mean_graph_lag": 47.10157016683023
    },
    "val": {
      "num_samples": 562,
      "max_future_leak": 0.0,
      "max_graph_lag": 95.0,
      "mean_graph_lag": 46.90213523131673
    },
    "test": {
      "num_samples": 1149,
      "max_future_leak": 0.0,
      "max_graph_lag": 95.0,
      "mean_graph_lag": 47.39947780678851
    }
  },
  "probe_summary": {
    "local_node_std": 0.1334134042263031,
    "local_node_abs_mean": 0.21652941405773163,
    "global_node_std": 0.0,
    "global_node_abs_mean": 0.010945238173007965,
    "gate_mean": 0.4522247314453125
  }
}