{
  "run_id": "seed63_C_traffic_time_query_H12",
  "seed": 63,
  "mode": "C_traffic_time_query",
  "view_key": "traffic_time_weather_query",
  "H": 12,
  "lambda": 0.3,
  "best_val_loss": 0.27154656416840023,
  "model": "CausalSTGCN",
  "saved_at": "2026-03-16T08:30:14.046414",
  "graph_alignment": {
    "train": {
      "num_samples": 4076,
      "max_future_leak": 0.0,
      "max_graph_lag": 95.0,
      "mean_graph_lag": 47.10157016683023
    },
    "val": {
      "num_samples": 562,
      "max_future_leak": 0.0,
      "max_graph_lag": 95.0,
      "mean_graph_lag": 46.90213523131673
    },
    "test": {
      "num_samples": 1149,
      "max_future_leak": 0.0,
      "max_graph_lag": 95.0,
      "mean_graph_lag": 47.39947780678851
    }
  },
  "probe_summary": {
    "local_node_std": 0.16526411473751068,
    "local_node_abs_mean": 0.3670307695865631,
    "global_node_std": 0.0,
    "global_node_abs_mean": 0.03477390110492706,
    "gate_mean": 0.434081494808197
  }
}