{
  "run_id": "seed84_H_time_query_causal_H12",
  "seed": 84,
  "mode": "H_time_query_causal",
  "view_key": "traffic_time_query",
  "H": 12,
  "lambda": 0.0,
  "best_val_loss": 0.27002568708525765,
  "model": "CausalSTGCN",
  "saved_at": "2026-03-17T02:38:52.171470",
  "graph_alignment": {
    "train": {
      "num_samples": 4076,
      "max_future_leak": 0.0,
      "max_graph_lag": 95.0,
      "mean_graph_lag": 47.10157016683023
    },
    "val": {
      "num_samples": 562,
      "max_future_leak": 0.0,
      "max_graph_lag": 95.0,
      "mean_graph_lag": 46.90213523131673
    },
    "test": {
      "num_samples": 1149,
      "max_future_leak": 0.0,
      "max_graph_lag": 95.0,
      "mean_graph_lag": 47.39947780678851
    }
  },
  "probe_summary": {
    "local_node_std": 0.017198655754327774,
    "local_node_abs_mean": 0.10234303027391434,
    "gate_mean": 9.985093493014574e-05
  }
}