scenario,model,num_samples,mean_signed_delta,mean_abs_delta,treated_signed_delta,treated_abs_delta,untreated_signed_delta,untreated_abs_delta,step_1_signed_delta,step_1_abs_delta,step_12_signed_delta,step_12_abs_delta,step_last_signed_delta,step_last_abs_delta,gate_mean_factual,gate_mean_counterfactual,gate_mean_delta
query_shock,dynamic,64,0.00028873790870420635,0.001648490666411817,0.04002395644783974,0.06881973892450333,-0.00035736322752200067,0.0005562754231505096,0.0007019652402959764,0.0012766661820933223,0.00027744437102228403,0.0015156215522438288,0.00020608160411939025,0.0018650266574695706,0.4137251377105713,0.4136399030685425,-8.52346420288086e-05
query_shock,static,64,2.3526750737801194e-05,0.00015296025958377868,0.0014704219065606594,0.00956001691520214,0.0,0.0,1.063404943124624e-05,1.2187853826617356e-05,-6.933689292054623e-05,6.933689292054623e-05,0.00035763991763815284,0.00035763991763815284,,,
speed_reduction,dynamic,64,-0.02424263209104538,0.050270698964595795,-1.5427072048187256,1.89517343044281,0.00044784758938476443,0.0202722679823637,-0.04837193712592125,0.06132441759109497,-0.02709280326962471,0.04772834852337837,-0.017125453799962997,0.052869465202093124,0.4137251377105713,0.4136706590652466,-5.447864532470703e-05
speed_reduction,static,64,-0.033944204449653625,0.05751093104481697,-1.9901875257492065,2.270876169204712,-0.0021353731863200665,0.021521257236599922,-0.05536710470914841,0.07115306705236435,-0.03759976103901863,0.05549146607518196,-0.02712935209274292,0.05760014429688454,,,
